{"initial_reset_timestamp": 1553966674.2625222, "timestamps": [1553966674.4734862, 1553966674.6339579, 1553966674.807986, 1553966674.87401, 1553966674.9383092, 1553966675.010614, 1553966675.071497, 1553966675.2195158, 1553966675.381299, 1553966675.462452, 1553966675.538006, 1553966675.609309, 1553966675.762846, 1553966675.828877, 1553966675.889537, 1553966675.962592, 1553966676.0267751, 1553966676.175158, 1553966676.242321, 1553966676.30295, 1553966676.374568, 1553966676.4346812, 1553966676.5832782, 1553966676.6527512, 1553966676.716365, 1553966676.7889621, 1553966676.8487198, 1553966677.066514, 1553966677.160707, 1553966677.222444, 1553966677.296596, 1553966677.359124, 1553966677.507709, 1553966677.57609, 1553966677.638342, 1553966677.71238, 1553966677.774993, 1553966677.9244459, 1553966677.992532, 1553966678.054919, 1553966678.1293309, 1553966678.192539, 1553966678.34368, 1553966678.418911, 1553966678.488775, 1553966678.566392, 1553966678.627848, 1553966678.7908218, 1553966678.868105, 1553966678.935345], "episode_lengths": [23, 21, 51, 23, 21, 23, 21, 51, 23, 21, 23, 21, 51, 23, 21, 23, 21, 51, 23, 21, 23, 21, 51, 23, 21, 23, 21, 51, 23, 21, 23, 21, 51, 23, 21, 23, 21, 51, 23, 21, 23, 21, 51, 23, 21, 23, 21, 51, 23, 21], "episode_rewards": [0.0, 0.0, 1.0, 0.0, 0.0, 0.0, 0.0, 1.0, 0.0, 0.0, 0.0, 0.0, 1.0, 0.0, 0.0, 0.0, 0.0, 1.0, 0.0, 0.0, 0.0, 0.0, 1.0, 0.0, 0.0, 0.0, 0.0, 1.0, 0.0, 0.0, 0.0, 0.0, 1.0, 0.0, 0.0, 0.0, 0.0, 1.0, 0.0, 0.0, 0.0, 0.0, 1.0, 0.0, 0.0, 0.0, 0.0, 1.0, 0.0, 0.0], "episode_types": ["t", "t", "t", "t", "t", "t", "t", "t", "t", "t", "t", "t", "t", "t", "t", "t", "t", "t", "t", "t", "t", "t", "t", "t", "t", "t", "t", "t", "t", "t", "t", "t", "t", "t", "t", "t", "t", "t", "t", "t", "t", "t", "t", "t", "t", "t", "t", "t", "t", "t"]}